{
  "scriptId": "164",
  "url": "https://deno.land/std@0.105.0/_util/assert.ts",
  "functions": [
    {
      "functionName": "",
      "ranges": [
        {
          "startOffset": 0,
          "endOffset": 1442,
          "count": 1
        }
      ],
      "isBlockCoverage": true
    },
    {
      "functionName": "DenoStdInternalError",
      "ranges": [
        {
          "startOffset": 54,
          "endOffset": 150,
          "count": 0
        }
      ],
      "isBlockCoverage": false
    },
    {
      "functionName": "assert",
      "ranges": [
        {
          "startOffset": 160,
          "endOffset": 263,
          "count": 0
        }
      ],
      "isBlockCoverage": false
    }
  ]
}
