{
  "scriptId": "144",
  "url": "https://deno.land/x/media_types@v2.10.1/mod.ts",
  "functions": [
    {
      "functionName": "",
      "ranges": [
        {
          "startOffset": 0,
          "endOffset": 13276,
          "count": 1
        }
      ],
      "isBlockCoverage": true
    },
    {
      "functionName": "populateMaps",
      "ranges": [
        {
          "startOffset": 1618,
          "endOffset": 2469,
          "count": 1
        },
        {
          "startOffset": 1764,
          "endOffset": 2467,
          "count": 2254
        },
        {
          "startOffset": 1853,
          "endOffset": 1868,
          "count": 951
        },
        {
          "startOffset": 1870,
          "endOffset": 1903,
          "count": 1303
        },
        {
          "startOffset": 1903,
          "endOffset": 1972,
          "count": 951
        },
        {
          "startOffset": 1972,
          "endOffset": 2461,
          "count": 1206
        },
        {
          "startOffset": 2043,
          "endOffset": 2417,
          "count": 35
        },
        {
          "startOffset": 2233,
          "endOffset": 2352,
          "count": 29
        },
        {
          "startOffset": 2267,
          "endOffset": 2351,
          "count": 17
        },
        {
          "startOffset": 2307,
          "endOffset": 2350,
          "count": 9
        },
        {
          "startOffset": 2354,
          "endOffset": 2403,
          "count": 18
        },
        {
          "startOffset": 2417,
          "endOffset": 2461,
          "count": 1188
        },
        {
          "startOffset": 2461,
          "endOffset": 2467,
          "count": 951
        }
      ],
      "isBlockCoverage": true
    },
    {
      "functionName": "charset",
      "ranges": [
        {
          "startOffset": 2510,
          "endOffset": 2852,
          "count": 1
        },
        {
          "startOffset": 2593,
          "endOffset": 2626,
          "count": 0
        },
        {
          "startOffset": 2758,
          "endOffset": 2851,
          "count": 0
        }
      ],
      "isBlockCoverage": true
    },
    {
      "functionName": "lookup",
      "ranges": [
        {
          "startOffset": 2860,
          "endOffset": 3004,
          "count": 1
        }
      ],
      "isBlockCoverage": true
    },
    {
      "functionName": "contentType",
      "ranges": [
        {
          "startOffset": 3012,
          "endOffset": 3319,
          "count": 1
        },
        {
          "startOffset": 3073,
          "endOffset": 3078,
          "count": 0
        },
        {
          "startOffset": 3109,
          "endOffset": 3142,
          "count": 0
        }
      ],
      "isBlockCoverage": true
    },
    {
      "functionName": "extension",
      "ranges": [
        {
          "startOffset": 3327,
          "endOffset": 3597,
          "count": 0
        }
      ],
      "isBlockCoverage": false
    }
  ]
}
