{
  "scriptId": "168",
  "url": "https://deno.land/std@0.105.0/_util/os.ts",
  "functions": [
    {
      "functionName": "",
      "ranges": [
        {
          "startOffset": 0,
          "endOffset": 2013,
          "count": 1
        }
      ],
      "isBlockCoverage": true
    },
    {
      "functionName": "",
      "ranges": [
        {
          "startOffset": 23,
          "endOffset": 299,
          "count": 1
        },
        {
          "startOffset": 146,
          "endOffset": 233,
          "count": 0
        },
        {
          "startOffset": 234,
          "endOffset": 242,
          "count": 0
        },
        {
          "startOffset": 244,
          "endOffset": 298,
          "count": 0
        }
      ],
      "isBlockCoverage": true
    }
  ]
}
