{
  "scriptId": "212",
  "url": "https://deno.land/std@0.105.0/async/deadline.ts",
  "functions": [
    {
      "functionName": "",
      "ranges": [
        {
          "startOffset": 0,
          "endOffset": 1970,
          "count": 1
        }
      ],
      "isBlockCoverage": true
    },
    {
      "functionName": "DeadlineError",
      "ranges": [
        {
          "startOffset": 89,
          "endOffset": 174,
          "count": 0
        }
      ],
      "isBlockCoverage": false
    },
    {
      "functionName": "deadline",
      "ranges": [
        {
          "startOffset": 184,
          "endOffset": 375,
          "count": 0
        }
      ],
      "isBlockCoverage": false
    }
  ]
}
