{
  "scriptId": "115",
  "url": "file:///home/arttu/Documents/WSD/testcoverage/routes/apis/helloApi.js",
  "functions": [
    {
      "functionName": "",
      "ranges": [
        {
          "startOffset": 0,
          "endOffset": 401,
          "count": 1
        }
      ],
      "isBlockCoverage": true
    },
    {
      "functionName": "getHello",
      "ranges": [
        {
          "startOffset": 82,
          "endOffset": 159,
          "count": 1
        }
      ],
      "isBlockCoverage": true
    },
    {
      "functionName": "setHello",
      "ranges": [
        {
          "startOffset": 179,
          "endOffset": 367,
          "count": 1
        }
      ],
      "isBlockCoverage": true
    }
  ]
}
