{
  "scriptId": "41",
  "url": "deno:ext/timers/01_timers.js",
  "functions": [
    {
      "functionName": "assert",
      "ranges": [
        {
          "startOffset": 772,
          "endOffset": 886,
          "count": 24
        },
        {
          "startOffset": 838,
          "endOffset": 882,
          "count": 0
        }
      ],
      "isBlockCoverage": true
    },
    {
      "functionName": "opStopGlobalTimer",
      "ranges": [
        {
          "startOffset": 890,
          "endOffset": 965,
          "count": 6
        }
      ],
      "isBlockCoverage": true
    },
    {
      "functionName": "opStartGlobalTimer",
      "ranges": [
        {
          "startOffset": 969,
          "endOffset": 1069,
          "count": 6
        }
      ],
      "isBlockCoverage": true
    },
    {
      "functionName": "opWaitGlobalTimer",
      "ranges": [
        {
          "startOffset": 1073,
          "endOffset": 1156,
          "count": 6
        }
      ],
      "isBlockCoverage": true
    },
    {
      "functionName": "RBNode",
      "ranges": [
        {
          "startOffset": 1400,
          "endOffset": 1521,
          "count": 12
        }
      ],
      "isBlockCoverage": true
    },
    {
      "functionName": "getChild",
      "ranges": [
        {
          "startOffset": 1527,
          "endOffset": 1591,
          "count": 48
        },
        {
          "startOffset": 1560,
          "endOffset": 1572,
          "count": 30
        },
        {
          "startOffset": 1573,
          "endOffset": 1584,
          "count": 18
        }
      ],
      "isBlockCoverage": true
    },
    {
      "functionName": "setChild",
      "ranges": [
        {
          "startOffset": 1597,
          "endOffset": 1714,
          "count": 6
        },
        {
          "startOffset": 1668,
          "endOffset": 1708,
          "count": 0
        }
      ],
      "isBlockCoverage": true
    },
    {
      "functionName": "min",
      "ranges": [
        {
          "startOffset": 1927,
          "endOffset": 2112,
          "count": 12
        },
        {
          "startOffset": 1987,
          "endOffset": 2050,
          "count": 6
        },
        {
          "startOffset": 2050,
          "endOffset": 2083,
          "count": 0
        },
        {
          "startOffset": 2083,
          "endOffset": 2111,
          "count": 6
        }
      ],
      "isBlockCoverage": true
    },
    {
      "functionName": "find",
      "ranges": [
        {
          "startOffset": 2177,
          "endOffset": 2445,
          "count": 6
        },
        {
          "startOffset": 2245,
          "endOffset": 2420,
          "count": 0
        }
      ],
      "isBlockCoverage": true
    },
    {
      "functionName": "insert",
      "ranges": [
        {
          "startOffset": 2512,
          "endOffset": 4282,
          "count": 6
        },
        {
          "startOffset": 2672,
          "endOffset": 4201,
          "count": 0
        }
      ],
      "isBlockCoverage": true
    },
    {
      "functionName": "remove",
      "ranges": [
        {
          "startOffset": 4348,
          "endOffset": 6750,
          "count": 6
        },
        {
          "startOffset": 4394,
          "endOffset": 4425,
          "count": 0
        },
        {
          "startOffset": 5129,
          "endOffset": 5244,
          "count": 0
        },
        {
          "startOffset": 5366,
          "endOffset": 6342,
          "count": 0
        },
        {
          "startOffset": 6673,
          "endOffset": 6714,
          "count": 0
        }
      ],
      "isBlockCoverage": true
    },
    {
      "functionName": "isRed",
      "ranges": [
        {
          "startOffset": 6758,
          "endOffset": 6822,
          "count": 24
        },
        {
          "startOffset": 6806,
          "endOffset": 6817,
          "count": 6
        }
      ],
      "isBlockCoverage": true
    },
    {
      "functionName": "",
      "ranges": [
        {
          "startOffset": 7434,
          "endOffset": 7457,
          "count": 6
        }
      ],
      "isBlockCoverage": true
    },
    {
      "functionName": "clearGlobalTimeout",
      "ranges": [
        {
          "startOffset": 7463,
          "endOffset": 7552,
          "count": 6
        }
      ],
      "isBlockCoverage": true
    },
    {
      "functionName": "handleTimerMacrotask",
      "ranges": [
        {
          "startOffset": 8124,
          "endOffset": 8321,
          "count": 39
        }
      ],
      "isBlockCoverage": false
    },
    {
      "functionName": "setGlobalTimeout",
      "ranges": [
        {
          "startOffset": 8325,
          "endOffset": 9422,
          "count": 6
        }
      ],
      "isBlockCoverage": true
    },
    {
      "functionName": "prepareReadyTimers",
      "ranges": [
        {
          "startOffset": 9426,
          "endOffset": 10263,
          "count": 6
        },
        {
          "startOffset": 9606,
          "endOffset": 9627,
          "count": 0
        },
        {
          "startOffset": 10234,
          "endOffset": 10252,
          "count": 0
        }
      ],
      "isBlockCoverage": true
    },
    {
      "functionName": "setOrClearGlobalTimeout",
      "ranges": [
        {
          "startOffset": 10267,
          "endOffset": 10419,
          "count": 12
        },
        {
          "startOffset": 10333,
          "endOffset": 10415,
          "count": 6
        }
      ],
      "isBlockCoverage": true
    },
    {
      "functionName": "schedule",
      "ranges": [
        {
          "startOffset": 10423,
          "endOffset": 11221,
          "count": 6
        },
        {
          "startOffset": 11130,
          "endOffset": 11161,
          "count": 0
        }
      ],
      "isBlockCoverage": true
    },
    {
      "functionName": "fire",
      "ranges": [
        {
          "startOffset": 12707,
          "endOffset": 13748,
          "count": 6
        },
        {
          "startOffset": 12927,
          "endOffset": 12948,
          "count": 0
        },
        {
          "startOffset": 13164,
          "endOffset": 13438,
          "count": 0
        },
        {
          "startOffset": 13704,
          "endOffset": 13744,
          "count": 0
        }
      ],
      "isBlockCoverage": true
    },
    {
      "functionName": "checkThis",
      "ranges": [
        {
          "startOffset": 13752,
          "endOffset": 13919,
          "count": 6
        },
        {
          "startOffset": 13832,
          "endOffset": 13857,
          "count": 0
        },
        {
          "startOffset": 13859,
          "endOffset": 13915,
          "count": 0
        }
      ],
      "isBlockCoverage": true
    },
    {
      "functionName": "setTimer",
      "ranges": [
        {
          "startOffset": 13923,
          "endOffset": 15269,
          "count": 6
        },
        {
          "startOffset": 14321,
          "endOffset": 14400,
          "count": 0
        },
        {
          "startOffset": 14651,
          "endOffset": 14829,
          "count": 0
        }
      ],
      "isBlockCoverage": true
    },
    {
      "functionName": "setTimeout",
      "ranges": [
        {
          "startOffset": 15273,
          "endOffset": 15422,
          "count": 6
        }
      ],
      "isBlockCoverage": true
    },
    {
      "functionName": "clearTimeout",
      "ranges": [
        {
          "startOffset": 15945,
          "endOffset": 16055,
          "count": 6
        },
        {
          "startOffset": 16031,
          "endOffset": 16054,
          "count": 0
        }
      ],
      "isBlockCoverage": true
    }
  ]
}
