{
  "scriptId": "239",
  "url": "https://deno.land/std@0.97.0/path/posix.ts",
  "functions": [
    {
      "functionName": "",
      "ranges": [
        {
          "startOffset": 0,
          "endOffset": 46936,
          "count": 1
        }
      ],
      "isBlockCoverage": true
    },
    {
      "functionName": "resolve",
      "ranges": [
        {
          "startOffset": 233,
          "endOffset": 1233,
          "count": 0
        }
      ],
      "isBlockCoverage": false
    },
    {
      "functionName": "normalize",
      "ranges": [
        {
          "startOffset": 1241,
          "endOffset": 1758,
          "count": 0
        }
      ],
      "isBlockCoverage": false
    },
    {
      "functionName": "isAbsolute",
      "ranges": [
        {
          "startOffset": 1766,
          "endOffset": 1890,
          "count": 0
        }
      ],
      "isBlockCoverage": false
    },
    {
      "functionName": "join",
      "ranges": [
        {
          "startOffset": 1898,
          "endOffset": 2327,
          "count": 0
        }
      ],
      "isBlockCoverage": false
    },
    {
      "functionName": "relative",
      "ranges": [
        {
          "startOffset": 2335,
          "endOffset": 4519,
          "count": 0
        }
      ],
      "isBlockCoverage": false
    },
    {
      "functionName": "toNamespacedPath",
      "ranges": [
        {
          "startOffset": 4527,
          "endOffset": 4579,
          "count": 0
        }
      ],
      "isBlockCoverage": false
    },
    {
      "functionName": "dirname",
      "ranges": [
        {
          "startOffset": 4587,
          "endOffset": 5206,
          "count": 0
        }
      ],
      "isBlockCoverage": false
    },
    {
      "functionName": "basename",
      "ranges": [
        {
          "startOffset": 5214,
          "endOffset": 7187,
          "count": 0
        }
      ],
      "isBlockCoverage": false
    },
    {
      "functionName": "extname",
      "ranges": [
        {
          "startOffset": 7195,
          "endOffset": 8213,
          "count": 0
        }
      ],
      "isBlockCoverage": false
    },
    {
      "functionName": "format",
      "ranges": [
        {
          "startOffset": 8221,
          "endOffset": 8477,
          "count": 0
        }
      ],
      "isBlockCoverage": false
    },
    {
      "functionName": "parse",
      "ranges": [
        {
          "startOffset": 8485,
          "endOffset": 10488,
          "count": 0
        }
      ],
      "isBlockCoverage": false
    },
    {
      "functionName": "fromFileUrl",
      "ranges": [
        {
          "startOffset": 10496,
          "endOffset": 10753,
          "count": 0
        }
      ],
      "isBlockCoverage": false
    },
    {
      "functionName": "toFileUrl",
      "ranges": [
        {
          "startOffset": 10761,
          "endOffset": 11021,
          "count": 0
        }
      ],
      "isBlockCoverage": false
    }
  ]
}
