{
  "scriptId": "142",
  "url": "https://deno.land/std@0.105.0/testing/asserts.ts",
  "functions": [
    {
      "functionName": "",
      "ranges": [
        {
          "startOffset": 0,
          "endOffset": 58454,
          "count": 1
        }
      ],
      "isBlockCoverage": true
    },
    {
      "functionName": "AssertionError",
      "ranges": [
        {
          "startOffset": 241,
          "endOffset": 331,
          "count": 0
        }
      ],
      "isBlockCoverage": false
    },
    {
      "functionName": "_format",
      "ranges": [
        {
          "startOffset": 341,
          "endOffset": 692,
          "count": 0
        }
      ],
      "isBlockCoverage": false
    },
    {
      "functionName": "createColor",
      "ranges": [
        {
          "startOffset": 693,
          "endOffset": 1035,
          "count": 0
        }
      ],
      "isBlockCoverage": false
    },
    {
      "functionName": "createSign",
      "ranges": [
        {
          "startOffset": 1036,
          "endOffset": 1257,
          "count": 0
        }
      ],
      "isBlockCoverage": false
    },
    {
      "functionName": "buildMessage",
      "ranges": [
        {
          "startOffset": 1258,
          "endOffset": 2053,
          "count": 0
        }
      ],
      "isBlockCoverage": false
    },
    {
      "functionName": "isKeyedCollection",
      "ranges": [
        {
          "startOffset": 2054,
          "endOffset": 2146,
          "count": 0
        }
      ],
      "isBlockCoverage": false
    },
    {
      "functionName": "equal",
      "ranges": [
        {
          "startOffset": 2154,
          "endOffset": 5176,
          "count": 0
        }
      ],
      "isBlockCoverage": false
    },
    {
      "functionName": "assert",
      "ranges": [
        {
          "startOffset": 5184,
          "endOffset": 5281,
          "count": 5
        },
        {
          "startOffset": 5233,
          "endOffset": 5279,
          "count": 0
        }
      ],
      "isBlockCoverage": true
    },
    {
      "functionName": "assertEquals",
      "ranges": [
        {
          "startOffset": 5289,
          "endOffset": 6062,
          "count": 0
        }
      ],
      "isBlockCoverage": false
    },
    {
      "functionName": "assertNotEquals",
      "ranges": [
        {
          "startOffset": 6070,
          "endOffset": 6589,
          "count": 0
        }
      ],
      "isBlockCoverage": false
    },
    {
      "functionName": "assertStrictEquals",
      "ranges": [
        {
          "startOffset": 6597,
          "endOffset": 7846,
          "count": 0
        }
      ],
      "isBlockCoverage": false
    },
    {
      "functionName": "assertNotStrictEquals",
      "ranges": [
        {
          "startOffset": 7854,
          "endOffset": 8070,
          "count": 0
        }
      ],
      "isBlockCoverage": false
    },
    {
      "functionName": "assertExists",
      "ranges": [
        {
          "startOffset": 8078,
          "endOffset": 8320,
          "count": 0
        }
      ],
      "isBlockCoverage": false
    },
    {
      "functionName": "assertStringIncludes",
      "ranges": [
        {
          "startOffset": 8328,
          "endOffset": 8573,
          "count": 0
        }
      ],
      "isBlockCoverage": false
    },
    {
      "functionName": "assertArrayIncludes",
      "ranges": [
        {
          "startOffset": 8581,
          "endOffset": 9219,
          "count": 0
        }
      ],
      "isBlockCoverage": false
    },
    {
      "functionName": "assertMatch",
      "ranges": [
        {
          "startOffset": 9227,
          "endOffset": 9457,
          "count": 0
        }
      ],
      "isBlockCoverage": false
    },
    {
      "functionName": "assertNotMatch",
      "ranges": [
        {
          "startOffset": 9465,
          "endOffset": 9701,
          "count": 0
        }
      ],
      "isBlockCoverage": false
    },
    {
      "functionName": "assertObjectMatch",
      "ranges": [
        {
          "startOffset": 9709,
          "endOffset": 11245,
          "count": 0
        }
      ],
      "isBlockCoverage": false
    },
    {
      "functionName": "fail",
      "ranges": [
        {
          "startOffset": 11253,
          "endOffset": 11339,
          "count": 0
        }
      ],
      "isBlockCoverage": false
    },
    {
      "functionName": "assertThrows",
      "ranges": [
        {
          "startOffset": 11347,
          "endOffset": 12325,
          "count": 0
        }
      ],
      "isBlockCoverage": false
    },
    {
      "functionName": "assertRejects",
      "ranges": [
        {
          "startOffset": 12333,
          "endOffset": 13336,
          "count": 0
        }
      ],
      "isBlockCoverage": false
    },
    {
      "functionName": "unimplemented",
      "ranges": [
        {
          "startOffset": 13391,
          "endOffset": 13476,
          "count": 0
        }
      ],
      "isBlockCoverage": false
    },
    {
      "functionName": "unreachable",
      "ranges": [
        {
          "startOffset": 13484,
          "endOffset": 13555,
          "count": 0
        }
      ],
      "isBlockCoverage": false
    }
  ]
}
