{
  "scriptId": "98",
  "url": "https://deno.land/x/oak@v9.0.1/etag.ts",
  "functions": [
    {
      "functionName": "",
      "ranges": [
        {
          "startOffset": 0,
          "endOffset": 14711,
          "count": 1
        }
      ],
      "isBlockCoverage": true
    },
    {
      "functionName": "isFileInfo",
      "ranges": [
        {
          "startOffset": 103,
          "endOffset": 228,
          "count": 0
        }
      ],
      "isBlockCoverage": false
    },
    {
      "functionName": "calcStatTag",
      "ranges": [
        {
          "startOffset": 229,
          "endOffset": 400,
          "count": 0
        }
      ],
      "isBlockCoverage": false
    },
    {
      "functionName": "calcEntityTag",
      "ranges": [
        {
          "startOffset": 436,
          "endOffset": 806,
          "count": 0
        }
      ],
      "isBlockCoverage": false
    },
    {
      "functionName": "fstat",
      "ranges": [
        {
          "startOffset": 807,
          "endOffset": 940,
          "count": 0
        }
      ],
      "isBlockCoverage": false
    },
    {
      "functionName": "getEntity",
      "ranges": [
        {
          "startOffset": 948,
          "endOffset": 1612,
          "count": 0
        }
      ],
      "isBlockCoverage": false
    },
    {
      "functionName": "calculate",
      "ranges": [
        {
          "startOffset": 1620,
          "endOffset": 1863,
          "count": 0
        }
      ],
      "isBlockCoverage": false
    },
    {
      "functionName": "factory",
      "ranges": [
        {
          "startOffset": 1871,
          "endOffset": 2221,
          "count": 0
        }
      ],
      "isBlockCoverage": false
    },
    {
      "functionName": "ifMatch",
      "ranges": [
        {
          "startOffset": 2229,
          "endOffset": 2528,
          "count": 0
        }
      ],
      "isBlockCoverage": false
    },
    {
      "functionName": "ifNoneMatch",
      "ranges": [
        {
          "startOffset": 2536,
          "endOffset": 2780,
          "count": 0
        }
      ],
      "isBlockCoverage": false
    }
  ]
}
