{
  "scriptId": "178",
  "url": "https://deno.land/std@0.105.0/io/ioutil.ts",
  "functions": [
    {
      "functionName": "",
      "ranges": [
        {
          "startOffset": 0,
          "endOffset": 9121,
          "count": 1
        }
      ],
      "isBlockCoverage": true
    },
    {
      "functionName": "copyN",
      "ranges": [
        {
          "startOffset": 91,
          "endOffset": 760,
          "count": 0
        }
      ],
      "isBlockCoverage": false
    },
    {
      "functionName": "readShort",
      "ranges": [
        {
          "startOffset": 768,
          "endOffset": 1021,
          "count": 0
        }
      ],
      "isBlockCoverage": false
    },
    {
      "functionName": "readInt",
      "ranges": [
        {
          "startOffset": 1029,
          "endOffset": 1281,
          "count": 0
        }
      ],
      "isBlockCoverage": false
    },
    {
      "functionName": "readLong",
      "ranges": [
        {
          "startOffset": 1347,
          "endOffset": 1776,
          "count": 0
        }
      ],
      "isBlockCoverage": false
    },
    {
      "functionName": "sliceLongToBytes",
      "ranges": [
        {
          "startOffset": 1784,
          "endOffset": 1982,
          "count": 0
        }
      ],
      "isBlockCoverage": false
    }
  ]
}
