{
  "scriptId": "130",
  "url": "https://deno.land/x/oak@v9.0.1/negotiation/mediaType.ts",
  "functions": [
    {
      "functionName": "",
      "ranges": [
        {
          "startOffset": 0,
          "endOffset": 20524,
          "count": 1
        }
      ],
      "isBlockCoverage": true
    },
    {
      "functionName": "quoteCount",
      "ranges": [
        {
          "startOffset": 1495,
          "endOffset": 1674,
          "count": 0
        }
      ],
      "isBlockCoverage": false
    },
    {
      "functionName": "splitMediaTypes",
      "ranges": [
        {
          "startOffset": 1675,
          "endOffset": 2032,
          "count": 0
        }
      ],
      "isBlockCoverage": false
    },
    {
      "functionName": "splitParameters",
      "ranges": [
        {
          "startOffset": 2033,
          "endOffset": 2432,
          "count": 0
        }
      ],
      "isBlockCoverage": false
    },
    {
      "functionName": "splitKeyValuePair",
      "ranges": [
        {
          "startOffset": 2433,
          "endOffset": 2548,
          "count": 0
        }
      ],
      "isBlockCoverage": false
    },
    {
      "functionName": "parseMediaType",
      "ranges": [
        {
          "startOffset": 2549,
          "endOffset": 3274,
          "count": 0
        }
      ],
      "isBlockCoverage": false
    },
    {
      "functionName": "parseAccept",
      "ranges": [
        {
          "startOffset": 3275,
          "endOffset": 3594,
          "count": 0
        }
      ],
      "isBlockCoverage": false
    },
    {
      "functionName": "getFullType",
      "ranges": [
        {
          "startOffset": 3595,
          "endOffset": 3668,
          "count": 0
        }
      ],
      "isBlockCoverage": false
    },
    {
      "functionName": "specify",
      "ranges": [
        {
          "startOffset": 3669,
          "endOffset": 4448,
          "count": 0
        }
      ],
      "isBlockCoverage": false
    },
    {
      "functionName": "getMediaTypePriority",
      "ranges": [
        {
          "startOffset": 4449,
          "endOffset": 4894,
          "count": 0
        }
      ],
      "isBlockCoverage": false
    },
    {
      "functionName": "preferredMediaTypes",
      "ranges": [
        {
          "startOffset": 4902,
          "endOffset": 5441,
          "count": 0
        }
      ],
      "isBlockCoverage": false
    }
  ]
}
