{
  "scriptId": "237",
  "url": "https://deno.land/std@0.97.0/_util/os.ts",
  "functions": [
    {
      "functionName": "",
      "ranges": [
        {
          "startOffset": 0,
          "endOffset": 1690,
          "count": 1
        }
      ],
      "isBlockCoverage": true
    },
    {
      "functionName": "",
      "ranges": [
        {
          "startOffset": 23,
          "endOffset": 260,
          "count": 1
        },
        {
          "startOffset": 101,
          "endOffset": 194,
          "count": 0
        },
        {
          "startOffset": 195,
          "endOffset": 203,
          "count": 0
        },
        {
          "startOffset": 205,
          "endOffset": 259,
          "count": 0
        }
      ],
      "isBlockCoverage": true
    }
  ]
}
