{
  "scriptId": "11",
  "url": "deno:ext/web/00_infra.js",
  "functions": [
    {
      "functionName": "byteLowerCase",
      "ranges": [
        {
          "startOffset": 4295,
          "endOffset": 4506,
          "count": 24
        }
      ],
      "isBlockCoverage": true
    },
    {
      "functionName": "forgivingBase64Decode",
      "ranges": [
        {
          "startOffset": 6218,
          "endOffset": 6310,
          "count": 1
        }
      ],
      "isBlockCoverage": true
    },
    {
      "functionName": "isHttpWhitespace",
      "ranges": [
        {
          "startOffset": 6376,
          "endOffset": 6581,
          "count": 18
        },
        {
          "startOffset": 6436,
          "endOffset": 6450,
          "count": 0
        },
        {
          "startOffset": 6457,
          "endOffset": 6471,
          "count": 0
        },
        {
          "startOffset": 6478,
          "endOffset": 6492,
          "count": 0
        },
        {
          "startOffset": 6499,
          "endOffset": 6534,
          "count": 0
        }
      ],
      "isBlockCoverage": true
    },
    {
      "functionName": "httpTrim",
      "ranges": [
        {
          "startOffset": 6643,
          "endOffset": 6836,
          "count": 9
        },
        {
          "startOffset": 6760,
          "endOffset": 6825,
          "count": 0
        },
        {
          "startOffset": 6826,
          "endOffset": 6831,
          "count": 0
        }
      ],
      "isBlockCoverage": true
    }
  ]
}
