{
  "scriptId": "81",
  "url": "https://deno.land/std@0.113.0/testing/asserts.ts",
  "functions": [
    {
      "functionName": "",
      "ranges": [
        {
          "startOffset": 0,
          "endOffset": 65274,
          "count": 1
        }
      ],
      "isBlockCoverage": true
    },
    {
      "functionName": "<instance_members_initializer>",
      "ranges": [
        {
          "startOffset": 241,
          "endOffset": 264,
          "count": 0
        }
      ],
      "isBlockCoverage": true
    },
    {
      "functionName": "AssertionError",
      "ranges": [
        {
          "startOffset": 270,
          "endOffset": 322,
          "count": 0
        }
      ],
      "isBlockCoverage": false
    },
    {
      "functionName": "_format",
      "ranges": [
        {
          "startOffset": 332,
          "endOffset": 683,
          "count": 0
        }
      ],
      "isBlockCoverage": false
    },
    {
      "functionName": "createColor",
      "ranges": [
        {
          "startOffset": 684,
          "endOffset": 1026,
          "count": 0
        }
      ],
      "isBlockCoverage": false
    },
    {
      "functionName": "createSign",
      "ranges": [
        {
          "startOffset": 1027,
          "endOffset": 1248,
          "count": 0
        }
      ],
      "isBlockCoverage": false
    },
    {
      "functionName": "buildMessage",
      "ranges": [
        {
          "startOffset": 1249,
          "endOffset": 2044,
          "count": 0
        }
      ],
      "isBlockCoverage": false
    },
    {
      "functionName": "isKeyedCollection",
      "ranges": [
        {
          "startOffset": 2045,
          "endOffset": 2137,
          "count": 0
        }
      ],
      "isBlockCoverage": false
    },
    {
      "functionName": "equal",
      "ranges": [
        {
          "startOffset": 2145,
          "endOffset": 5158,
          "count": 4
        }
      ],
      "isBlockCoverage": true
    },
    {
      "functionName": "compare",
      "ranges": [
        {
          "startOffset": 2208,
          "endOffset": 5148,
          "count": 4
        },
        {
          "startOffset": 2247,
          "endOffset": 2263,
          "count": 2
        },
        {
          "startOffset": 2264,
          "endOffset": 2383,
          "count": 2
        },
        {
          "startOffset": 2301,
          "endOffset": 2323,
          "count": 0
        },
        {
          "startOffset": 2362,
          "endOffset": 2381,
          "count": 0
        },
        {
          "startOffset": 2385,
          "endOffset": 2440,
          "count": 0
        },
        {
          "startOffset": 2471,
          "endOffset": 2491,
          "count": 0
        },
        {
          "startOffset": 2493,
          "endOffset": 2735,
          "count": 0
        },
        {
          "startOffset": 2801,
          "endOffset": 2840,
          "count": 0
        },
        {
          "startOffset": 2841,
          "endOffset": 2845,
          "count": 0
        },
        {
          "startOffset": 2846,
          "endOffset": 2870,
          "count": 0
        },
        {
          "startOffset": 2872,
          "endOffset": 5147,
          "count": 0
        }
      ],
      "isBlockCoverage": true
    },
    {
      "functionName": "constructorsEqual",
      "ranges": [
        {
          "startOffset": 5159,
          "endOffset": 5347,
          "count": 0
        }
      ],
      "isBlockCoverage": false
    },
    {
      "functionName": "assert",
      "ranges": [
        {
          "startOffset": 5355,
          "endOffset": 5452,
          "count": 0
        }
      ],
      "isBlockCoverage": false
    },
    {
      "functionName": "assertEquals",
      "ranges": [
        {
          "startOffset": 5460,
          "endOffset": 6233,
          "count": 4
        },
        {
          "startOffset": 5563,
          "endOffset": 5785,
          "count": 0
        },
        {
          "startOffset": 5837,
          "endOffset": 5864,
          "count": 0
        },
        {
          "startOffset": 5877,
          "endOffset": 5937,
          "count": 0
        },
        {
          "startOffset": 6081,
          "endOffset": 6232,
          "count": 0
        }
      ],
      "isBlockCoverage": true
    },
    {
      "functionName": "assertNotEquals",
      "ranges": [
        {
          "startOffset": 6241,
          "endOffset": 6760,
          "count": 0
        }
      ],
      "isBlockCoverage": false
    },
    {
      "functionName": "assertStrictEquals",
      "ranges": [
        {
          "startOffset": 6768,
          "endOffset": 8017,
          "count": 0
        }
      ],
      "isBlockCoverage": false
    },
    {
      "functionName": "assertNotStrictEquals",
      "ranges": [
        {
          "startOffset": 8025,
          "endOffset": 8241,
          "count": 0
        }
      ],
      "isBlockCoverage": false
    },
    {
      "functionName": "assertExists",
      "ranges": [
        {
          "startOffset": 8249,
          "endOffset": 8491,
          "count": 0
        }
      ],
      "isBlockCoverage": false
    },
    {
      "functionName": "assertStringIncludes",
      "ranges": [
        {
          "startOffset": 8499,
          "endOffset": 8744,
          "count": 0
        }
      ],
      "isBlockCoverage": false
    },
    {
      "functionName": "assertArrayIncludes",
      "ranges": [
        {
          "startOffset": 8752,
          "endOffset": 9390,
          "count": 0
        }
      ],
      "isBlockCoverage": false
    },
    {
      "functionName": "assertMatch",
      "ranges": [
        {
          "startOffset": 9398,
          "endOffset": 9628,
          "count": 0
        }
      ],
      "isBlockCoverage": false
    },
    {
      "functionName": "assertNotMatch",
      "ranges": [
        {
          "startOffset": 9636,
          "endOffset": 9872,
          "count": 0
        }
      ],
      "isBlockCoverage": false
    },
    {
      "functionName": "assertObjectMatch",
      "ranges": [
        {
          "startOffset": 9880,
          "endOffset": 11443,
          "count": 0
        }
      ],
      "isBlockCoverage": false
    },
    {
      "functionName": "fail",
      "ranges": [
        {
          "startOffset": 11451,
          "endOffset": 11537,
          "count": 0
        }
      ],
      "isBlockCoverage": false
    },
    {
      "functionName": "assertIsError",
      "ranges": [
        {
          "startOffset": 11545,
          "endOffset": 12355,
          "count": 0
        }
      ],
      "isBlockCoverage": false
    },
    {
      "functionName": "assertThrows",
      "ranges": [
        {
          "startOffset": 12363,
          "endOffset": 13429,
          "count": 0
        }
      ],
      "isBlockCoverage": false
    },
    {
      "functionName": "assertRejects",
      "ranges": [
        {
          "startOffset": 13437,
          "endOffset": 14528,
          "count": 0
        }
      ],
      "isBlockCoverage": false
    },
    {
      "functionName": "unimplemented",
      "ranges": [
        {
          "startOffset": 14583,
          "endOffset": 14668,
          "count": 0
        }
      ],
      "isBlockCoverage": false
    },
    {
      "functionName": "unreachable",
      "ranges": [
        {
          "startOffset": 14676,
          "endOffset": 14747,
          "count": 0
        }
      ],
      "isBlockCoverage": false
    }
  ]
}
