{
  "scriptId": "31",
  "url": "deno:ext/fetch/23_request.js",
  "functions": [
    {
      "functionName": "newInnerRequest",
      "ranges": [
        {
          "startOffset": 2407,
          "endOffset": 2929,
          "count": 4
        },
        {
          "startOffset": 2523,
          "endOffset": 2549,
          "count": 2
        },
        {
          "startOffset": 2551,
          "endOffset": 2603,
          "count": 0
        }
      ],
      "isBlockCoverage": true
    },
    {
      "functionName": "url",
      "ranges": [
        {
          "startOffset": 2786,
          "endOffset": 2833,
          "count": 2
        }
      ],
      "isBlockCoverage": true
    },
    {
      "functionName": "currentUrl",
      "ranges": [
        {
          "startOffset": 2841,
          "endOffset": 2917,
          "count": 2
        }
      ],
      "isBlockCoverage": true
    },
    {
      "functionName": "isKnownMethod",
      "ranges": [
        {
          "startOffset": 3783,
          "endOffset": 3966,
          "count": 2
        },
        {
          "startOffset": 3866,
          "endOffset": 3887,
          "count": 1
        },
        {
          "startOffset": 3888,
          "endOffset": 3912,
          "count": 1
        },
        {
          "startOffset": 3913,
          "endOffset": 3934,
          "count": 1
        },
        {
          "startOffset": 3935,
          "endOffset": 3955,
          "count": 0
        }
      ],
      "isBlockCoverage": true
    },
    {
      "functionName": "validateAndNormalizeMethod",
      "ranges": [
        {
          "startOffset": 4027,
          "endOffset": 4516,
          "count": 2
        },
        {
          "startOffset": 4157,
          "endOffset": 4400,
          "count": 0
        },
        {
          "startOffset": 4401,
          "endOffset": 4425,
          "count": 0
        },
        {
          "startOffset": 4432,
          "endOffset": 4515,
          "count": 0
        }
      ],
      "isBlockCoverage": true
    },
    {
      "functionName": "<instance_members_initializer>",
      "ranges": [
        {
          "startOffset": 4572,
          "endOffset": 4671,
          "count": 2
        }
      ],
      "isBlockCoverage": false
    },
    {
      "functionName": "",
      "ranges": [
        {
          "startOffset": 5860,
          "endOffset": 5915,
          "count": 4
        }
      ],
      "isBlockCoverage": true
    },
    {
      "functionName": "Request",
      "ranges": [
        {
          "startOffset": 6054,
          "endOffset": 9854,
          "count": 2
        },
        {
          "startOffset": 6798,
          "endOffset": 6964,
          "count": 0
        },
        {
          "startOffset": 7532,
          "endOffset": 7852,
          "count": 0
        },
        {
          "startOffset": 8757,
          "endOffset": 8800,
          "count": 0
        },
        {
          "startOffset": 8860,
          "endOffset": 8888,
          "count": 1
        },
        {
          "startOffset": 8890,
          "endOffset": 8982,
          "count": 1
        },
        {
          "startOffset": 8991,
          "endOffset": 9079,
          "count": 0
        },
        {
          "startOffset": 9192,
          "endOffset": 9429,
          "count": 1
        },
        {
          "startOffset": 9344,
          "endOffset": 9421,
          "count": 0
        },
        {
          "startOffset": 9483,
          "endOffset": 9495,
          "count": 1
        },
        {
          "startOffset": 9592,
          "endOffset": 9613,
          "count": 1
        },
        {
          "startOffset": 9615,
          "endOffset": 9802,
          "count": 0
        }
      ],
      "isBlockCoverage": true
    },
    {
      "functionName": "get method",
      "ranges": [
        {
          "startOffset": 9860,
          "endOffset": 9959,
          "count": 2
        }
      ],
      "isBlockCoverage": true
    },
    {
      "functionName": "get url",
      "ranges": [
        {
          "startOffset": 9965,
          "endOffset": 10060,
          "count": 2
        }
      ],
      "isBlockCoverage": true
    },
    {
      "functionName": "get headers",
      "ranges": [
        {
          "startOffset": 10066,
          "endOffset": 10159,
          "count": 5
        }
      ],
      "isBlockCoverage": true
    },
    {
      "functionName": "get signal",
      "ranges": [
        {
          "startOffset": 10278,
          "endOffset": 10369,
          "count": 8
        }
      ],
      "isBlockCoverage": true
    },
    {
      "functionName": "webidl.converters.RequestInfo_DOMString",
      "ranges": [
        {
          "startOffset": 11375,
          "endOffset": 11697,
          "count": 2
        },
        {
          "startOffset": 11460,
          "endOffset": 11563,
          "count": 0
        }
      ],
      "isBlockCoverage": true
    },
    {
      "functionName": "toInnerRequest",
      "ranges": [
        {
          "startOffset": 12610,
          "endOffset": 12678,
          "count": 2
        }
      ],
      "isBlockCoverage": true
    },
    {
      "functionName": "fromInnerRequest",
      "ranges": [
        {
          "startOffset": 12837,
          "endOffset": 13095,
          "count": 2
        }
      ],
      "isBlockCoverage": true
    }
  ]
}
