{
  "scriptId": "223",
  "url": "https://deno.land/std@0.97.0/fs/exists.ts",
  "functions": [
    {
      "functionName": "",
      "ranges": [
        {
          "startOffset": 0,
          "endOffset": 2382,
          "count": 1
        }
      ],
      "isBlockCoverage": true
    },
    {
      "functionName": "exists",
      "ranges": [
        {
          "startOffset": 7,
          "endOffset": 245,
          "count": 0
        }
      ],
      "isBlockCoverage": false
    },
    {
      "functionName": "existsSync",
      "ranges": [
        {
          "startOffset": 253,
          "endOffset": 487,
          "count": 0
        }
      ],
      "isBlockCoverage": false
    }
  ]
}
