{
  "scriptId": "169",
  "url": "https://deno.land/std@0.105.0/path/win32.ts",
  "functions": [
    {
      "functionName": "",
      "ranges": [
        {
          "startOffset": 0,
          "endOffset": 94562,
          "count": 1
        }
      ],
      "isBlockCoverage": true
    },
    {
      "functionName": "resolve",
      "ranges": [
        {
          "startOffset": 329,
          "endOffset": 4408,
          "count": 0
        }
      ],
      "isBlockCoverage": false
    },
    {
      "functionName": "normalize",
      "ranges": [
        {
          "startOffset": 4416,
          "endOffset": 7392,
          "count": 0
        }
      ],
      "isBlockCoverage": false
    },
    {
      "functionName": "isAbsolute",
      "ranges": [
        {
          "startOffset": 7400,
          "endOffset": 7836,
          "count": 0
        }
      ],
      "isBlockCoverage": false
    },
    {
      "functionName": "join",
      "ranges": [
        {
          "startOffset": 7844,
          "endOffset": 9232,
          "count": 0
        }
      ],
      "isBlockCoverage": false
    },
    {
      "functionName": "relative",
      "ranges": [
        {
          "startOffset": 9240,
          "endOffset": 12003,
          "count": 0
        }
      ],
      "isBlockCoverage": false
    },
    {
      "functionName": "toNamespacedPath",
      "ranges": [
        {
          "startOffset": 12011,
          "endOffset": 12892,
          "count": 0
        }
      ],
      "isBlockCoverage": false
    },
    {
      "functionName": "dirname",
      "ranges": [
        {
          "startOffset": 12900,
          "endOffset": 15098,
          "count": 0
        }
      ],
      "isBlockCoverage": false
    },
    {
      "functionName": "basename",
      "ranges": [
        {
          "startOffset": 15106,
          "endOffset": 17281,
          "count": 0
        }
      ],
      "isBlockCoverage": false
    },
    {
      "functionName": "extname",
      "ranges": [
        {
          "startOffset": 17289,
          "endOffset": 18485,
          "count": 0
        }
      ],
      "isBlockCoverage": false
    },
    {
      "functionName": "format",
      "ranges": [
        {
          "startOffset": 18493,
          "endOffset": 18750,
          "count": 0
        }
      ],
      "isBlockCoverage": false
    },
    {
      "functionName": "parse",
      "ranges": [
        {
          "startOffset": 18758,
          "endOffset": 22242,
          "count": 0
        }
      ],
      "isBlockCoverage": false
    },
    {
      "functionName": "fromFileUrl",
      "ranges": [
        {
          "startOffset": 22250,
          "endOffset": 22671,
          "count": 0
        }
      ],
      "isBlockCoverage": false
    },
    {
      "functionName": "toFileUrl",
      "ranges": [
        {
          "startOffset": 22679,
          "endOffset": 23207,
          "count": 0
        }
      ],
      "isBlockCoverage": false
    }
  ]
}
