{
  "scriptId": "147",
  "url": "https://deno.land/x/eta@v1.12.3/config.ts",
  "functions": [
    {
      "functionName": "",
      "ranges": [
        {
          "startOffset": 0,
          "endOffset": 8981,
          "count": 1
        }
      ],
      "isBlockCoverage": true
    },
    {
      "functionName": "includeHelper",
      "ranges": [
        {
          "startOffset": 127,
          "endOffset": 379,
          "count": 0
        }
      ],
      "isBlockCoverage": false
    },
    {
      "functionName": "getConfig",
      "ranges": [
        {
          "startOffset": 746,
          "endOffset": 978,
          "count": 0
        }
      ],
      "isBlockCoverage": false
    },
    {
      "functionName": "configure",
      "ranges": [
        {
          "startOffset": 979,
          "endOffset": 1049,
          "count": 2
        }
      ],
      "isBlockCoverage": true
    }
  ]
}
