{
  "scriptId": "238",
  "url": "https://deno.land/std@0.97.0/path/win32.ts",
  "functions": [
    {
      "functionName": "",
      "ranges": [
        {
          "startOffset": 0,
          "endOffset": 94125,
          "count": 1
        }
      ],
      "isBlockCoverage": true
    },
    {
      "functionName": "resolve",
      "ranges": [
        {
          "startOffset": 329,
          "endOffset": 4315,
          "count": 0
        }
      ],
      "isBlockCoverage": false
    },
    {
      "functionName": "normalize",
      "ranges": [
        {
          "startOffset": 4323,
          "endOffset": 7299,
          "count": 0
        }
      ],
      "isBlockCoverage": false
    },
    {
      "functionName": "isAbsolute",
      "ranges": [
        {
          "startOffset": 7307,
          "endOffset": 7743,
          "count": 0
        }
      ],
      "isBlockCoverage": false
    },
    {
      "functionName": "join",
      "ranges": [
        {
          "startOffset": 7751,
          "endOffset": 9139,
          "count": 0
        }
      ],
      "isBlockCoverage": false
    },
    {
      "functionName": "relative",
      "ranges": [
        {
          "startOffset": 9147,
          "endOffset": 11910,
          "count": 0
        }
      ],
      "isBlockCoverage": false
    },
    {
      "functionName": "toNamespacedPath",
      "ranges": [
        {
          "startOffset": 11918,
          "endOffset": 12799,
          "count": 0
        }
      ],
      "isBlockCoverage": false
    },
    {
      "functionName": "dirname",
      "ranges": [
        {
          "startOffset": 12807,
          "endOffset": 15005,
          "count": 0
        }
      ],
      "isBlockCoverage": false
    },
    {
      "functionName": "basename",
      "ranges": [
        {
          "startOffset": 15013,
          "endOffset": 17188,
          "count": 0
        }
      ],
      "isBlockCoverage": false
    },
    {
      "functionName": "extname",
      "ranges": [
        {
          "startOffset": 17196,
          "endOffset": 18392,
          "count": 0
        }
      ],
      "isBlockCoverage": false
    },
    {
      "functionName": "format",
      "ranges": [
        {
          "startOffset": 18400,
          "endOffset": 18657,
          "count": 0
        }
      ],
      "isBlockCoverage": false
    },
    {
      "functionName": "parse",
      "ranges": [
        {
          "startOffset": 18665,
          "endOffset": 22149,
          "count": 0
        }
      ],
      "isBlockCoverage": false
    },
    {
      "functionName": "fromFileUrl",
      "ranges": [
        {
          "startOffset": 22157,
          "endOffset": 22578,
          "count": 0
        }
      ],
      "isBlockCoverage": false
    },
    {
      "functionName": "toFileUrl",
      "ranges": [
        {
          "startOffset": 22586,
          "endOffset": 23114,
          "count": 0
        }
      ],
      "isBlockCoverage": false
    }
  ]
}
