{
  "scriptId": "243",
  "url": "https://deno.land/std@0.97.0/path/glob.ts",
  "functions": [
    {
      "functionName": "",
      "ranges": [
        {
          "startOffset": 0,
          "endOffset": 41026,
          "count": 1
        },
        {
          "startOffset": 202,
          "endOffset": 210,
          "count": 0
        }
      ],
      "isBlockCoverage": true
    },
    {
      "functionName": "globToRegExp",
      "ranges": [
        {
          "startOffset": 404,
          "endOffset": 8472,
          "count": 0
        }
      ],
      "isBlockCoverage": false
    },
    {
      "functionName": "isGlob",
      "ranges": [
        {
          "startOffset": 8480,
          "endOffset": 9156,
          "count": 0
        }
      ],
      "isBlockCoverage": false
    },
    {
      "functionName": "normalizeGlob",
      "ranges": [
        {
          "startOffset": 9164,
          "endOffset": 9593,
          "count": 0
        }
      ],
      "isBlockCoverage": false
    },
    {
      "functionName": "joinGlobs",
      "ranges": [
        {
          "startOffset": 9601,
          "endOffset": 10135,
          "count": 0
        }
      ],
      "isBlockCoverage": false
    }
  ]
}
