{
  "scriptId": "245",
  "url": "https://jspm.dev/npm:fast-safe-stringify@2.1.1!cjs",
  "functions": [
    {
      "functionName": "",
      "ranges": [
        {
          "startOffset": 0,
          "endOffset": 6049,
          "count": 1
        },
        {
          "startOffset": 61,
          "endOffset": 106,
          "count": 0
        }
      ],
      "isBlockCoverage": true
    },
    {
      "functionName": "defaultOptions",
      "ranges": [
        {
          "startOffset": 389,
          "endOffset": 515,
          "count": 0
        }
      ],
      "isBlockCoverage": false
    },
    {
      "functionName": "stringify",
      "ranges": [
        {
          "startOffset": 539,
          "endOffset": 1280,
          "count": 0
        }
      ],
      "isBlockCoverage": false
    },
    {
      "functionName": "setReplace",
      "ranges": [
        {
          "startOffset": 1282,
          "endOffset": 1755,
          "count": 0
        }
      ],
      "isBlockCoverage": false
    },
    {
      "functionName": "decirc",
      "ranges": [
        {
          "startOffset": 1757,
          "endOffset": 2832,
          "count": 0
        }
      ],
      "isBlockCoverage": false
    },
    {
      "functionName": "compareFunction",
      "ranges": [
        {
          "startOffset": 2855,
          "endOffset": 2970,
          "count": 0
        }
      ],
      "isBlockCoverage": false
    },
    {
      "functionName": "deterministicStringify",
      "ranges": [
        {
          "startOffset": 2972,
          "endOffset": 3808,
          "count": 0
        }
      ],
      "isBlockCoverage": false
    },
    {
      "functionName": "deterministicDecirc",
      "ranges": [
        {
          "startOffset": 3810,
          "endOffset": 5317,
          "count": 0
        }
      ],
      "isBlockCoverage": false
    },
    {
      "functionName": "replaceGetterValues",
      "ranges": [
        {
          "startOffset": 5419,
          "endOffset": 5929,
          "count": 0
        }
      ],
      "isBlockCoverage": false
    }
  ]
}
