{
  "scriptId": "158",
  "url": "https://deno.land/x/superdeno@4.4.0/src/superdeno.ts",
  "functions": [
    {
      "functionName": "",
      "ranges": [
        {
          "startOffset": 0,
          "endOffset": 6974,
          "count": 1
        }
      ],
      "isBlockCoverage": true
    },
    {
      "functionName": "superdeno",
      "ranges": [
        {
          "startOffset": 195,
          "endOffset": 1039,
          "count": 3
        },
        {
          "startOffset": 334,
          "endOffset": 385,
          "count": 0
        },
        {
          "startOffset": 588,
          "endOffset": 1021,
          "count": 0
        }
      ],
      "isBlockCoverage": true
    },
    {
      "functionName": "",
      "ranges": [
        {
          "startOffset": 406,
          "endOffset": 552,
          "count": 75
        }
      ],
      "isBlockCoverage": true
    },
    {
      "functionName": "obj.<computed>",
      "ranges": [
        {
          "startOffset": 442,
          "endOffset": 545,
          "count": 2
        }
      ],
      "isBlockCoverage": true
    },
    {
      "functionName": "",
      "ranges": [
        {
          "startOffset": 599,
          "endOffset": 1011,
          "count": 0
        }
      ],
      "isBlockCoverage": true
    }
  ]
}
