{
  "scriptId": "106",
  "url": "https://deno.land/x/oak@v9.0.1/request.ts",
  "functions": [
    {
      "functionName": "",
      "ranges": [
        {
          "startOffset": 0,
          "endOffset": 22334,
          "count": 1
        }
      ],
      "isBlockCoverage": true
    },
    {
      "functionName": "<instance_members_initializer>",
      "ranges": [
        {
          "startOffset": 381,
          "endOffset": 441,
          "count": 2
        }
      ],
      "isBlockCoverage": true
    },
    {
      "functionName": "#getRemoteAddr",
      "ranges": [
        {
          "startOffset": 447,
          "endOffset": 651,
          "count": 0
        }
      ],
      "isBlockCoverage": false
    },
    {
      "functionName": "get hasBody",
      "ranges": [
        {
          "startOffset": 656,
          "endOffset": 710,
          "count": 0
        }
      ],
      "isBlockCoverage": false
    },
    {
      "functionName": "get headers",
      "ranges": [
        {
          "startOffset": 715,
          "endOffset": 780,
          "count": 0
        }
      ],
      "isBlockCoverage": false
    },
    {
      "functionName": "get ip",
      "ranges": [
        {
          "startOffset": 785,
          "endOffset": 875,
          "count": 0
        }
      ],
      "isBlockCoverage": false
    },
    {
      "functionName": "get ips",
      "ranges": [
        {
          "startOffset": 880,
          "endOffset": 1067,
          "count": 0
        }
      ],
      "isBlockCoverage": false
    },
    {
      "functionName": "get method",
      "ranges": [
        {
          "startOffset": 1072,
          "endOffset": 1135,
          "count": 2
        }
      ],
      "isBlockCoverage": true
    },
    {
      "functionName": "get secure",
      "ranges": [
        {
          "startOffset": 1140,
          "endOffset": 1189,
          "count": 2
        }
      ],
      "isBlockCoverage": true
    },
    {
      "functionName": "get originalRequest",
      "ranges": [
        {
          "startOffset": 1194,
          "endOffset": 1259,
          "count": 0
        }
      ],
      "isBlockCoverage": false
    },
    {
      "functionName": "get url",
      "ranges": [
        {
          "startOffset": 1264,
          "endOffset": 2457,
          "count": 2
        },
        {
          "startOffset": 1588,
          "endOffset": 1613,
          "count": 0
        },
        {
          "startOffset": 1627,
          "endOffset": 2415,
          "count": 0
        },
        {
          "startOffset": 2425,
          "endOffset": 2456,
          "count": 0
        }
      ],
      "isBlockCoverage": true
    },
    {
      "functionName": "Request",
      "ranges": [
        {
          "startOffset": 2462,
          "endOffset": 2774,
          "count": 2
        },
        {
          "startOffset": 2751,
          "endOffset": 2766,
          "count": 0
        }
      ],
      "isBlockCoverage": true
    },
    {
      "functionName": "accepts",
      "ranges": [
        {
          "startOffset": 2779,
          "endOffset": 3083,
          "count": 0
        }
      ],
      "isBlockCoverage": false
    },
    {
      "functionName": "acceptsCharsets",
      "ranges": [
        {
          "startOffset": 3088,
          "endOffset": 3441,
          "count": 0
        }
      ],
      "isBlockCoverage": false
    },
    {
      "functionName": "acceptsEncodings",
      "ranges": [
        {
          "startOffset": 3446,
          "endOffset": 3810,
          "count": 0
        }
      ],
      "isBlockCoverage": false
    },
    {
      "functionName": "acceptsLanguages",
      "ranges": [
        {
          "startOffset": 3815,
          "endOffset": 4167,
          "count": 0
        }
      ],
      "isBlockCoverage": false
    },
    {
      "functionName": "body",
      "ranges": [
        {
          "startOffset": 4172,
          "endOffset": 4238,
          "count": 1
        }
      ],
      "isBlockCoverage": true
    },
    {
      "functionName": "",
      "ranges": [
        {
          "startOffset": 4243,
          "endOffset": 4565,
          "count": 0
        }
      ],
      "isBlockCoverage": false
    }
  ]
}
