{
  "scriptId": "244",
  "url": "https://jspm.dev/npm:component-emitter@1.3.0!cjs",
  "functions": [
    {
      "functionName": "",
      "ranges": [
        {
          "startOffset": 0,
          "endOffset": 3844,
          "count": 1
        },
        {
          "startOffset": 61,
          "endOffset": 106,
          "count": 0
        }
      ],
      "isBlockCoverage": true
    },
    {
      "functionName": "Emitter",
      "ranges": [
        {
          "startOffset": 240,
          "endOffset": 295,
          "count": 1
        }
      ],
      "isBlockCoverage": true
    },
    {
      "functionName": "mixin",
      "ranges": [
        {
          "startOffset": 409,
          "endOffset": 529,
          "count": 1
        },
        {
          "startOffset": 468,
          "endOffset": 512,
          "count": 10
        }
      ],
      "isBlockCoverage": true
    },
    {
      "functionName": "Emitter.on.Emitter.addEventListener",
      "ranges": [
        {
          "startOffset": 737,
          "endOffset": 962,
          "count": 4
        },
        {
          "startOffset": 768,
          "endOffset": 778,
          "count": 0
        },
        {
          "startOffset": 799,
          "endOffset": 809,
          "count": 0
        },
        {
          "startOffset": 822,
          "endOffset": 827,
          "count": 2
        },
        {
          "startOffset": 838,
          "endOffset": 848,
          "count": 0
        },
        {
          "startOffset": 882,
          "endOffset": 892,
          "count": 0
        },
        {
          "startOffset": 949,
          "endOffset": 959,
          "count": 0
        }
      ],
      "isBlockCoverage": true
    },
    {
      "functionName": "Emitter.once",
      "ranges": [
        {
          "startOffset": 1189,
          "endOffset": 1365,
          "count": 0
        }
      ],
      "isBlockCoverage": false
    },
    {
      "functionName": "Emitter.off.Emitter.removeListener.Emitter.removeAllListeners.Emitter.removeEventListener",
      "ranges": [
        {
          "startOffset": 1684,
          "endOffset": 2576,
          "count": 0
        }
      ],
      "isBlockCoverage": false
    },
    {
      "functionName": "Emitter.emit",
      "ranges": [
        {
          "startOffset": 2727,
          "endOffset": 3210,
          "count": 6
        },
        {
          "startOffset": 2754,
          "endOffset": 2764,
          "count": 0
        },
        {
          "startOffset": 2785,
          "endOffset": 2795,
          "count": 0
        },
        {
          "startOffset": 2808,
          "endOffset": 2813,
          "count": 0
        },
        {
          "startOffset": 2885,
          "endOffset": 2895,
          "count": 0
        },
        {
          "startOffset": 2968,
          "endOffset": 3005,
          "count": 4
        },
        {
          "startOffset": 3024,
          "endOffset": 3181,
          "count": 2
        },
        {
          "startOffset": 3153,
          "endOffset": 3163,
          "count": 0
        },
        {
          "startOffset": 3197,
          "endOffset": 3207,
          "count": 0
        }
      ],
      "isBlockCoverage": true
    },
    {
      "functionName": "Emitter.listeners",
      "ranges": [
        {
          "startOffset": 3362,
          "endOffset": 3509,
          "count": 2
        },
        {
          "startOffset": 3389,
          "endOffset": 3399,
          "count": 0
        },
        {
          "startOffset": 3420,
          "endOffset": 3430,
          "count": 0
        },
        {
          "startOffset": 3443,
          "endOffset": 3448,
          "count": 0
        },
        {
          "startOffset": 3465,
          "endOffset": 3475,
          "count": 0
        }
      ],
      "isBlockCoverage": true
    },
    {
      "functionName": "Emitter.hasListeners",
      "ranges": [
        {
          "startOffset": 3671,
          "endOffset": 3732,
          "count": 2
        }
      ],
      "isBlockCoverage": true
    }
  ]
}
