{
  "scriptId": "189",
  "url": "https://deno.land/std@0.101.0/bytes/mod.ts",
  "functions": [
    {
      "functionName": "",
      "ranges": [
        {
          "startOffset": 0,
          "endOffset": 15679,
          "count": 1
        }
      ],
      "isBlockCoverage": true
    },
    {
      "functionName": "indexOf",
      "ranges": [
        {
          "startOffset": 7,
          "endOffset": 611,
          "count": 0
        }
      ],
      "isBlockCoverage": false
    },
    {
      "functionName": "lastIndexOf",
      "ranges": [
        {
          "startOffset": 619,
          "endOffset": 1297,
          "count": 0
        }
      ],
      "isBlockCoverage": false
    },
    {
      "functionName": "equals",
      "ranges": [
        {
          "startOffset": 1305,
          "endOffset": 1500,
          "count": 0
        }
      ],
      "isBlockCoverage": false
    },
    {
      "functionName": "startsWith",
      "ranges": [
        {
          "startOffset": 1508,
          "endOffset": 1690,
          "count": 0
        }
      ],
      "isBlockCoverage": false
    },
    {
      "functionName": "endsWith",
      "ranges": [
        {
          "startOffset": 1698,
          "endOffset": 1921,
          "count": 0
        }
      ],
      "isBlockCoverage": false
    },
    {
      "functionName": "repeat",
      "ranges": [
        {
          "startOffset": 1929,
          "endOffset": 2566,
          "count": 0
        }
      ],
      "isBlockCoverage": false
    },
    {
      "functionName": "concat",
      "ranges": [
        {
          "startOffset": 2574,
          "endOffset": 2853,
          "count": 0
        }
      ],
      "isBlockCoverage": false
    },
    {
      "functionName": "contains",
      "ranges": [
        {
          "startOffset": 2861,
          "endOffset": 2934,
          "count": 0
        }
      ],
      "isBlockCoverage": false
    },
    {
      "functionName": "copy",
      "ranges": [
        {
          "startOffset": 2942,
          "endOffset": 3236,
          "count": 0
        }
      ],
      "isBlockCoverage": false
    }
  ]
}
